{
    "tags": {
        "allowUnknownTags": true
    },
    "source": {
        "includePattern": ".+\\.js(doc)?$",
        "excludePattern": "(^|\\/|\\\\)_"
    },
    "plugins": ["plugins/markdown"],
    "templates": {
        "cleverLinks": false,
        "monospaceLinks": false,
        "dateFormat": "ddd MMM Do YYYY",
        "default" : {
            "outputSourceFiles" : true
        },
        "systemName": "uWeaver",
        "footer": "",
        "copyright": "uWeaver Copyright 2014 Jason Lin.",
        "navType": "vertical",
        "theme": "cosmo",
        "linenums": true,
        "collapseSymbols": false,
        "inverseNav": true,
        "highlightTutorialCode": true,
        "protocol": "html://"
    },
    "markdown"  : {
        "parser"   : "gfm",
        "hardwrap" : true
    } ,
    "opts": {
        "recurse": true,
        "destination": "./doc/",
        "tutorials": "./tutorials/",
        "verbose": true
    }
}